ACTIVITY_ID,CUSTOMER,TS,ACTIVITY,ANONYMOUS_CUSTOMER_ID,FEATURE_JSON,REVENUE_IMPACT,LINK,ACTIVITY_OCCURRENCE,ACTIVITY_REPEATED_AT,FIRST_EVER_SIGNED_UP_FEATURE_JSON,FIRST_EVER_SIGNED_UP_TS
41,13,2022-02-09 22:10:11.000,visited page,,[{""visited page"": 1}],0,,2,,[{""signed up"": 1}],2022-01-14 22:10:11.000
20,19,2022-01-19 22:10:11.000,visited page,,[{""visited page"": 1}],0,,1,2022-02-15 22:10:11.000,[{""signed up"": 1}],2022-01-20 22:10:11.000
35,7,2022-02-03 22:10:11.000,visited page,,[{""visited page"": 1}],0,,2,,[{""signed up"": 1}],2022-01-08 22:10:11.000
2,1,2022-01-01 22:10:11.000,visited page,,[{""visited page"": 1}],0,,1,2022-01-28 22:10:11.000,[{""signed up"": 1}],2022-01-02 22:10:11.000
23,22,2022-01-22 22:10:11.000,visited page,,[{""visited page"": 1}],0,,1,2022-02-18 22:10:11.000,[{""signed up"": 1}],2022-01-23 22:10:11.000
26,25,2022-01-25 22:10:11.000,visited page,,[{""visited page"": 1}],0,,1,2022-02-21 22:10:11.000,[{""signed up"": 1}],2022-01-26 22:10:11.000
5,4,2022-01-04 22:10:11.000,visited page,,[{""visited page"": 1}],0,,1,2022-01-31 22:10:11.000,[{""signed up"": 1}],2022-01-05 22:10:11.000
8,7,2022-01-07 22:10:11.000,visited page,,[{""visited page"": 1}],0,,1,2022-02-03 22:10:11.000,[{""signed up"": 1}],2022-01-08 22:10:11.000
11,10,2022-01-10 22:10:11.000,visited page,,[{""visited page"": 1}],0,,1,2022-02-06 22:10:11.000,[{""signed up"": 1}],2022-01-11 22:10:11.000
47,19,2022-02-15 22:10:11.000,visited page,,[{""visited page"": 1}],0,,2,,[{""signed up"": 1}],2022-01-20 22:10:11.000
44,16,2022-02-12 22:10:11.000,visited page,,[{""visited page"": 1}],0,,2,,[{""signed up"": 1}],2022-01-17 22:10:11.000
50,22,2022-02-18 22:10:11.000,visited page,,[{""visited page"": 1}],0,,2,,[{""signed up"": 1}],2022-01-23 22:10:11.000
17,16,2022-01-16 22:10:11.000,visited page,,[{""visited page"": 1}],0,,1,2022-02-12 22:10:11.000,[{""signed up"": 1}],2022-01-17 22:10:11.000
29,1,2022-01-28 22:10:11.000,visited page,,[{""visited page"": 1}],0,,2,,[{""signed up"": 1}],2022-01-02 22:10:11.000
32,4,2022-01-31 22:10:11.000,visited page,,[{""visited page"": 1}],0,,2,,[{""signed up"": 1}],2022-01-05 22:10:11.000
38,10,2022-02-06 22:10:11.000,visited page,,[{""visited page"": 1}],0,,2,,[{""signed up"": 1}],2022-01-11 22:10:11.000
53,25,2022-02-21 22:10:11.000,visited page,,[{""visited page"": 1}],0,,2,,[{""signed up"": 1}],2022-01-26 22:10:11.000
14,13,2022-01-13 22:10:11.000,visited page,,[{""visited page"": 1}],0,,1,2022-02-09 22:10:11.000,[{""signed up"": 1}],2022-01-14 22:10:11.000